"","X1","X2","X3","X4","X5","X6","X7","X8","X9","X10","X11","X12","X13","X14","X15","X16","X17","X18","X19","X20","X21","X22","X23","X24","Cluster"
"3",112,444,1244,2516,4875,6906,11128,17125,22866,28601,35464,41285,49678,55521,60770,69562,76567,84266,92195,97825,101819,104124,105719,106829,"Normal"
"4",285,755,1638,5234,8563,13404,22503,28540,38161,46381,57848,67894,78595,88619,95871,109060,117379,126257,133501,139695,144102,147175,148488,148874,"Bad"
"5",896,1420,2459,5482,9445,12618,19024,23526,29776,35902,42617,48812,56195,62787,71058,79444,87911,95776,103449,110691,118434,122847,124878,126143,"Bad"
"6",189,1192,2061,3885,6543,9572,13716,16955,22175,25981,30736,36751,41946,47531,53748,58511,63786,68892,73665,77175,80372,82260,83128,83768,"Good"
"7",5,250,389,1446,2303,4291,8687,11708,16507,19923,24022,29138,34289,42381,48407,56338,67069,77513,88727,99571,106281,111986,113834,115079,"Normal"
"8",1232,1789,2169,3096,5240,8338,14960,19248,25798,30084,36226,44376,52405,59958,66977,74737,81768,89171,98217,105046,111191,115106,116649,118100,"Normal"
"9",386,472,585,1777,4291,6619,12524,18349,26991,33971,41438,48412,54578,60536,65052,71223,74894,79554,83958,87891,89504,90556,92533,92700,"Normal"
"11",90,93,159,530,1163,4135,5462,7478,10142,11939,14793,18392,22358,26384,32361,36970,42956,51322,58644,64279,67634,71527,72296,73356,"Good"
"12",545,556,720,1458,2773,4939,8425,13746,19909,26798,35902,44891,54925,65392,76269,88242,99485,111599,123719,133793,141595,146336,148152,148777,"Bad"
"14",0,0,97,259,739,2655,4299,7206,9049,10714,13769,15532,18350,20484,22925,25523,28606,32032,35959,38912,40986,42556,42931,43236,"Great"
"15",54,55,142,1035,1915,4065,8246,14624,20323,27865,34784,42223,48038,54118,61776,68809,75473,83785,91030,97807,103403,106112,107703,108801,"Normal"
"16",848,907,1108,2135,4068,6444,11440,16904,21500,26915,31916,39906,46053,51300,57081,62114,68720,73936,78712,81679,84010,84478,84604,84617,"Good"
"17",0,5,412,1817,6029,10181,18889,26820,35912,45820,56344,67590,79329,94918,106924,121252,133359,147519,157034,168246,176029,179250,180752,181605,"Meltdown"
"18",463,479,2179,3851,9646,13426,21929,26479,33481,39519,43702,49210,52421,57923,61223,66477,69313,74048,78032,81118,83834,85207,85976,86403,"Good"
"19",0,32,430,1160,2438,3974,6151,8003,9771,12855,15553,18010,20020,21998,24669,26788,28743,30583,33837,37006,39490,40845,40893,40962,"Great"
"24",0,0,94,412,906,2522,4797,7643,9950,12954,15509,18341,20876,23388,25969,28378,31828,35658,38757,41669,44050,45038,45349,45689,"Great"
"25",52,71,213,745,1265,2095,3413,4992,7531,9657,11758,14055,15811,17724,19619,21720,24405,27022,30213,31944,33453,35209,35899,36159,"Great"
"28",0,9,24,74,432,860,1943,3201,4826,6956,10775,14004,16291,20182,22645,26829,29732,33309,37141,40356,43006,44196,44552,44723,"Great"
"29",0,56,698,1007,1820,3338,5371,9437,12397,16251,19872,25400,29115,33104,37473,42055,46645,51658,55428,59368,62589,63598,63708,63866,"Good"
"30",350,375,517,1024,2387,4040,6925,10586,13964,17676,21848,26510,29910,33893,38615,42453,46567,49377,51591,53195,54655,54999,54999,55053,"Great"
"31",0,0,103,521,1063,1664,2836,3842,5922,7055,8434,11460,12497,14869,16100,18117,19845,21024,23683,25936,28226,29041,29376,29560,"Great"
"32",0,0,187,563,882,1459,3054,4377,5557,8424,10165,12327,14602,16942,19114,22059,24450,27381,31058,34188,35946,36916,37147,37252,"Great"
"33",246,246,341,938,1985,3816,6414,8725,12333,15316,19416,23350,26669,30979,34869,39730,44156,49119,54058,58434,62197,63686,64561,64897,"Good"
"34",130,151,152,432,792,1184,2166,3233,4982,6496,7915,9991,11349,13155,15091,16908,18497,19705,21656,22700,23974,24161,24399,24410,"Great"
"36",439,728,1128,2198,4498,8502,12194,17273,24461,30004,35884,43592,48916,57313,65026,71296,77770,83455,89655,94433,98052,100075,100806,101133,"Normal"
"37",102,102,165,906,1849,3070,5931,8616,11698,13833,17232,20793,24291,27762,30771,33945,37183,42196,46812,51919,55887,58102,59738,60553,"Good"
"39",76,81,263,1009,1651,3467,5652,7563,10722,12692,15146,18129,21057,25338,27388,31743,36598,42554,47521,53400,57729,58971,59652,60425,"Good"
"40",0,30,263,2585,5763,8638,14630,19152,25729,33787,39456,46919,54222,61690,69823,78486,87825,95050,101223,108367,112326,115686,116867,117889,"Normal"
"41",358,407,449,1110,2154,3497,6326,8871,13740,17061,20817,26329,29580,34108,39758,43634,47808,52434,56748,60431,63893,65099,66339,66651,"Good"
"42",0,0,117,1061,2377,4953,10123,16024,23543,31504,39796,51909,59968,72348,85170,95982,107112,116854,125065,132378,137979,140181,141651,142901,"Bad"
"43",80,83,382,1199,2445,4133,7467,10856,15535,18835,22559,26692,31195,35267,38694,42243,46904,50531,53274,56912,58841,61324,61639,61753,"Good"
"44",115,118,160,496,904,1482,2505,3358,5518,6555,8198,10918,12333,14699,16529,18597,20869,22485,24062,25615,26365,27222,27610,27610,"Great"
"49",557,933,1111,2024,3051,5549,10797,13788,18707,21753,26242,30052,33057,36240,39247,42789,45017,49537,53408,57456,59702,60714,60928,61199,"Good"
"50",0,20,186,625,1499,2743,5148,7690,11245,15540,19032,23453,27725,34178,40159,47191,52808,59940,66905,72940,80182,82291,83682,84610,"Good"
"53",549,552,645,1358,2842,4957,7771,12753,21768,31393,39064,47436,56850,65472,75541,85446,96734,106942,116521,123416,129787,135009,136579,136897,"Bad"
"54",201,206,318,1019,3317,5808,8781,12150,16577,20020,23864,30175,35042,41589,48161,54713,61776,68432,73625,80157,85659,88647,90290,90703,"Normal"
"55",0,205,446,1724,3003,5830,8999,12658,16980,23106,30578,38781,46836,55755,64882,74164,79713,85468,91870,95878,98732,102472,103553,104275,"Normal"
"56",122,125,172,639,1454,3257,5798,9333,12634,16299,19755,24023,27835,33536,37775,45222,49453,53766,58656,62678,65629,68456,69536,69717,"Good"
"57",134,460,506,811,1622,2723,4548,7356,10853,13741,16948,19435,21649,25091,28476,32652,36927,41202,45529,50582,54037,55408,56492,56854,"Great"
"58",589,615,667,835,1362,1883,3132,5026,7327,9264,10744,13845,16492,21156,23927,28737,31450,34521,38980,43157,46833,49016,50191,50436,"Great"
"59",78,299,454,777,1278,3046,4448,5478,6980,8297,10121,12145,14517,17767,20372,24440,27399,31581,36170,39751,43735,46944,48414,49019,"Great"
"61",0,2,384,2947,5838,10190,16428,22238,31292,38534,49848,58949,71482,83801,92829,105446,116816,127340,136394,143683,148028,150627,151725,151894,"Bad"
"62",296,379,1257,3901,5618,9670,14331,18022,22635,26153,30533,34852,39218,44240,48875,53631,58835,63336,67449,70691,73620,75797,76730,77180,"Good"
"64",210,592,593,1390,1849,2486,4408,5703,9340,11913,14832,18377,22178,27879,33356,38470,44640,50776,56527,61278,63681,65150,65848,66213,"Good"
"65",0,3,36,400,1190,2320,4446,6305,9661,11786,14565,17170,19751,22085,24518,28614,31111,34910,38957,42450,44215,45673,47199,47405,"Great"
"66",118,199,596,2758,4073,8781,12493,17523,24074,28331,33901,39179,46333,54061,61552,74079,82161,89318,95710,100292,104212,106460,107198,107729,"Normal"
"67",90,117,373,2498,4478,8137,11958,15130,18565,21808,24945,28535,33045,36756,40278,44215,47195,51448,55325,57654,60084,61035,61530,62293,"Good"
"68",285,292,345,782,1840,3295,6053,7945,10583,12004,13960,15426,17829,20459,22983,24902,27742,30199,33056,35485,37700,39779,40568,41065,"Great"
"69",349,394,1362,1530,1875,3732,5360,6481,7937,9279,11016,13251,15902,18249,20359,22317,23997,25709,26996,28265,29146,29697,29697,30289,"Great"
"74",0,0,49,581,1138,2534,4443,5634,7669,8813,10719,13352,16394,19593,23003,27736,32168,36546,40907,43869,46287,47394,48884,49167,"Great"
"75",273,2283,2369,2696,3459,4288,5265,9887,12486,14217,16594,19917,23255,28459,31421,35868,40521,44581,48300,52704,56163,57550,59281,59453,"Good"
"78",41,58,176,397,1014,2656,4657,5953,8701,10563,13501,16694,18997,22809,25140,28475,32449,36496,42094,44809,47533,48785,50640,50810,"Great"
"79",40,42,142,1309,2536,5097,8728,11933,15957,20608,26144,31006,36546,43790,49909,58169,64716,73094,83765,92588,98945,104531,105314,105739,"Normal"
"80",468,475,1259,5617,8956,15137,23052,29746,40495,48468,58591,68083,78999,89823,98039,109367,118161,127502,135692,140682,144553,145768,146290,146433,"Bad"
"81",498,624,1269,4685,6919,10573,15062,17941,22865,26271,30876,36255,40119,46247,52459,58305,63439,69908,75236,79840,84718,88003,89234,89836,"Normal"
"82",306,885,1030,1390,1877,3062,5467,7912,10179,13370,15699,18388,21328,25828,30002,33173,37379,41408,46503,50112,52057,53564,54586,55598,"Great"
"83",167,171,188,403,1083,1636,2752,3811,6211,7318,9890,11498,13255,15883,18611,21513,24417,27976,31354,34282,36753,38226,38832,39175,"Great"
"84",159,494,623,938,1491,2215,3522,4415,6717,8636,10560,13332,15836,18729,21372,23826,27604,30307,33019,36397,38068,39144,39606,39897,"Great"
"86",553,553,616,916,1219,2478,4522,8452,16008,21635,30241,37158,44684,48985,55339,59025,62896,66589,71707,74905,78109,80623,81425,81765,"Good"
"87",309,328,510,912,1494,2521,5599,7086,9444,11407,13912,17355,20362,24277,28327,33497,38349,42361,47415,51155,53277,55237,55869,56221,"Great"
"89",63,76,211,547,1273,2094,4123,6717,9122,11429,14307,17232,20160,24598,27861,30949,36543,40888,43923,46028,47843,48934,49898,50264,"Great"
"90",33,33,101,256,529,1065,2169,3582,4980,7146,8562,10253,11556,12716,13524,15304,17253,17823,19074,20373,21027,21542,21726,22030,"Great"
"91",7,166,257,446,789,1323,2209,3077,4519,5748,7144,8863,10849,13715,16137,18502,22397,25098,28287,31934,35911,37960,38628,39389,"Great"
"92",1092,1096,1202,2957,4500,6385,9584,13781,18622,24165,28455,34519,39878,45136,49477,56473,62680,67500,72022,76701,81326,83135,83989,84049,"Good"
"93",36,247,273,804,2013,3221,5909,8780,12749,16731,21449,27129,33796,41707,52746,62115,74464,85030,97047,108781,118318,123986,125921,127669,"Bad"
"94",148,762,876,1874,3426,6959,11995,17118,22437,28982,35261,41743,51258,59326,67808,75950,83146,89925,95590,101746,104397,106516,107954,108336,"Normal"
"99",173,345,524,1222,2191,3982,6622,9828,12831,17133,20626,25693,30254,34707,39205,43976,48672,53373,58037,61742,63613,64901,65311,65799,"Good"
"100",326,376,407,1108,2220,3318,5222,7147,8842,10346,13597,15975,17883,21396,23834,26566,28074,31257,33162,35059,36788,38335,39291,39534,"Great"
"103",92,107,264,1256,1688,2439,4649,6670,9420,11954,14739,17904,21580,25198,28672,35034,41363,49780,58451,65628,71599,78585,82593,85868,"Good"
"104",294,327,808,1365,3263,4761,7578,9868,13257,16611,21454,25832,29726,33608,38185,41626,46263,51712,55641,58320,61411,62762,63068,63414,"Good"
"105",25,115,220,1680,3714,5466,9394,13500,17746,23247,29792,37758,43994,56114,69389,84886,97357,110566,123140,135521,145803,152682,155124,157380,"Bad"
"106",987,1019,2329,4624,8608,13491,20797,28483,37633,46422,55244,65041,74633,84709,92537,101794,110129,119817,127646,134573,139238,141817,144255,145261,"Bad"
"107",366,534,944,1524,2366,3758,6559,8345,10466,12926,17424,20936,24992,28556,33065,36759,41180,44474,47357,50369,52327,53863,54515,54762,"Great"
"108",387,462,789,1346,1697,2823,4526,6552,8797,11620,14391,18163,21608,25614,27588,31771,35083,38050,41472,44281,46917,47863,48794,48874,"Great"
"109",275,445,480,1123,1634,2707,4786,6606,8120,10432,13387,16623,20265,23272,26413,30329,33880,38446,42701,46664,49757,51198,52468,52585,"Great"
"111",732,732,856,1163,1446,2013,2935,4130,5978,7328,10021,14717,17928,21685,23856,26568,29359,33523,36564,39281,42083,43939,45455,46432,"Great"
"112",196,200,281,547,1205,1857,4880,7636,9339,10771,13291,16422,19069,21099,23346,26807,29253,31860,35940,38009,39867,40979,41738,42461,"Great"
"114",372,374,609,1060,1458,3264,5630,7453,9221,10989,12537,15595,17244,20262,23293,27298,32003,35583,39366,41768,45193,46338,47471,47892,"Great"
"115",309,309,335,809,1877,2908,5694,8115,11507,14787,18181,22031,26801,32403,36956,42145,47599,51633,56853,61306,65006,66206,67104,67825,"Good"
"116",114,121,226,760,1237,2389,3983,6108,8386,9936,11738,14288,16532,18960,20893,24394,28304,31947,36074,39214,40638,41443,42983,43618,"Great"
"117",424,424,794,1122,1969,3476,5916,8645,11584,14311,17565,21416,25671,29672,33722,38503,43781,48061,52683,56558,58738,60473,61635,62225,"Good"
"118",346,531,663,992,1518,2198,3862,6420,8821,11050,13546,16240,17992,19941,21722,23754,26051,27468,29036,30303,31652,32026,32063,32072,"Great"
"119",742,745,807,1244,1546,2078,3073,4487,6123,7459,8707,10123,11501,13467,14913,16512,18360,21168,23500,25231,28005,29349,29926,30079,"Great"
"124",160,347,531,1056,1607,3100,5430,9326,14051,17240,21300,25179,28704,33207,37622,42631,47849,52487,57582,62578,66302,67643,68481,68769,"Good"
"125",53,1263,1444,1794,1892,2782,5652,7738,9589,12572,14249,16121,18645,20191,23169,25267,27316,29308,31033,32718,33703,35135,35250,35465,"Great"
"128",47,99,145,518,1144,1788,3141,4910,7273,10526,12621,14721,17455,19722,22412,25865,28907,31988,34215,36089,38258,39133,39904,40434,"Great"
"129",27,43,668,968,1260,2602,7839,12287,18738,24525,28725,32528,37123,41271,46016,51493,59788,66506,73646,83930,92125,98590,103533,104841,"Normal"
"130",679,1189,1608,2094,2878,3937,5727,7827,10196,12709,16114,19734,23904,29509,38034,47517,58598,70397,81096,92315,102136,107511,110994,112309,"Normal"
"131",420,425,757,1319,2362,4921,7183,9393,12142,14567,17740,20854,23397,26951,30528,34814,38964,43953,48116,51652,54608,55583,57109,57342,"Great"
"132",289,295,370,680,991,2766,4887,6014,8100,9750,11451,13435,16312,20378,23915,27600,31196,34891,40104,45717,49557,50970,51727,52437,"Great"
"133",50,50,130,823,1348,2507,4386,8734,12101,14520,17720,21889,26211,31212,36417,43062,49133,56882,62937,68435,72589,74934,75538,75758,"Good"
"134",119,123,364,1247,2614,4751,9782,16305,26311,34739,42043,52955,61769,70811,80104,88924,99178,113981,124794,136362,144634,152771,159166,160865,"Bad"
"136",1163,1350,1658,4007,5581,9351,14476,17879,24329,28849,35306,41538,48333,58306,68895,81091,95017,108438,121976,132041,141546,147918,151171,153003,"Bad"
"137",1027,1173,1538,2345,3281,4995,8961,12487,15782,21427,26321,32413,40065,49222,58544,68237,77655,86457,95664,101959,107046,109548,110949,111664,"Normal"
"139",0,8,347,822,3483,4214,6643,9833,12035,14249,17042,22544,26424,32335,37789,41801,46317,50424,53538,56680,58887,60209,61231,61589,"Good"
"140",337,367,524,1238,2326,4859,10045,15065,23929,33800,41722,48962,56168,66231,74226,80960,90529,101201,114786,129088,139275,149263,154857,155422,"Bad"
"141",1215,2024,2450,4092,5283,7788,14180,19684,24549,30614,35465,43803,53874,61121,69923,78980,89156,98195,108802,118068,125860,130987,133532,134896,"Bad"
"142",764,826,1089,2559,3729,5371,7582,9488,12915,15930,19357,23863,28155,32567,39450,47721,56838,69047,80282,90375,98368,101458,102666,102808,"Normal"
"143",32,34,381,1687,2455,3664,5857,7337,9571,11982,15126,17832,21337,25530,28714,34187,39086,43529,48872,53377,57179,60005,60616,61028,"Good"
"144",56,96,396,604,1306,1710,3126,6033,9124,11288,13418,15971,19094,22633,25445,28478,32239,36409,40317,42163,44267,45924,46475,46947,"Great"
"149",2,32,244,671,1558,2631,4653,6700,9183,11346,13739,16573,19431,23270,27055,32471,38876,46935,53736,58938,64152,66131,69026,71053,"Good"
"150",142,208,474,882,2500,3465,6609,8945,10952,12912,15576,18809,22960,27534,32826,38798,47902,57502,68987,77407,81700,85781,88171,88984,"Normal"
"153",475,479,709,1398,2812,3359,5892,9638,13068,14866,17783,21126,26057,32902,38215,47487,54825,62004,68521,77277,80852,84702,85776,85871,"Good"
"154",113,158,560,1524,2282,3769,6668,10044,13912,19713,23822,28584,33556,39118,46308,54216,61135,71691,81088,89753,95458,99068,101177,102097,"Normal"
"155",210,446,1173,1907,3294,5352,10611,18532,26731,38091,47802,57254,66753,76602,83927,92981,101006,107246,115182,122755,127235,129824,131162,131850,"Bad"
"156",103,312,589,958,1746,2933,5923,10215,13446,16667,20314,23487,26979,30339,33076,36655,39373,43692,47353,49800,53727,55284,56482,57267,"Great"
"157",638,638,705,1096,2310,3412,4984,7006,9155,11220,14634,18458,21729,25325,28386,31219,36682,41175,45245,48682,51636,53743,54849,55494,"Great"
"158",1220,2353,2617,3025,3883,5731,7259,8836,11360,14107,17400,21585,25280,30897,36052,40914,48989,57791,68073,77844,89360,99506,103702,106908,"Normal"
"159",3107,4202,4528,6129,7651,9701,14230,20978,27082,34233,42840,53393,66021,75675,83104,92884,103092,112134,119753,126991,132829,137010,138334,138871,"Bad"
"161",63,217,398,1255,4042,7333,12050,17045,26527,33147,40396,50108,58420,68937,78867,91979,103958,115516,127956,140420,155756,163693,170888,172151,"Bad"
"162",2593,2770,3137,4783,6594,8256,12243,15804,21886,25537,31926,39463,46440,55761,62177,69457,77249,85852,94120,100463,105840,108962,110895,111759,"Normal"
"164",131,549,683,1190,2041,3412,5509,7858,9887,12123,14073,17746,21319,25598,29837,35946,40918,45770,51114,55978,59574,62189,63791,64537,"Good"
"165",98,107,231,550,937,1838,3453,5247,8147,11323,14958,18639,22134,27257,34376,44753,52440,62437,69309,76404,81515,85202,87425,88185,"Good"
"166",280,357,2128,3612,7726,11098,18092,22236,30673,36551,40707,48609,53955,60622,67226,74146,80042,88863,98341,105449,113092,118818,122344,124264,"Normal"
"167",97,158,830,1758,3714,5954,9153,12571,16393,20608,24220,28945,34837,39719,45207,51765,58911,65135,70410,74260,77918,79578,81330,81490,"Good"
"168",352,393,851,1411,2910,5433,10023,18466,28179,37724,45952,54439,61664,75757,87035,101058,112792,125014,136203,144922,151591,157831,158892,160603,"Bad"
"169",219,539,2159,2873,7137,11095,16963,21304,26817,32168,36750,41880,46337,55313,62619,72263,81070,92626,103128,113104,122743,128521,132415,135377,"Bad"
"174",829,842,1086,1807,2777,4777,7195,10506,14083,18434,21505,25729,30138,35314,40003,45482,50977,55822,60888,64618,68143,70315,71203,72102,"Good"
"175",312,356,527,1119,2082,3223,6648,9262,13232,18588,23090,26737,32497,37862,45198,54066,62770,71475,83389,97678,108972,118736,122824,126686,"Bad"
"178",550,1562,2065,3021,4683,6179,8931,11905,14971,18099,21692,25092,29635,35431,41310,47898,53795,61374,66698,72181,76904,80743,82537,83812,"Good"
"179",99,270,433,1343,3504,5817,9996,13186,18381,21261,27949,32513,38505,46057,52699,61378,72255,80424,91531,99069,107177,114155,116544,117533,"Normal"
"180",83,474,983,1527,2775,4477,7288,10392,15188,17958,24188,28553,32749,37421,41215,48274,53834,59263,67205,73344,77695,80325,81727,82551,"Good"
"181",19,125,516,943,1389,2293,3199,5898,7458,9144,11792,14365,18301,23365,27675,32146,37194,41358,44796,47920,51964,53991,55175,55919,"Great"
"182",477,714,993,1514,2670,3845,6120,8514,12580,16544,20563,26693,31277,37007,42612,48226,54686,64306,73822,84302,90112,95886,97503,99629,"Normal"
"183",955,2239,3294,3747,4766,5509,7768,11178,13300,16000,18653,21805,24268,28596,35816,42187,48148,57813,65329,71461,76672,78924,80268,81133,"Good"
"184",103,314,463,616,1771,2509,3163,4057,5890,6962,8486,10954,13655,17445,22070,26927,32565,40560,47628,53437,57330,58677,59564,60236,"Good"
"186",860,870,1066,1501,1716,2196,3149,4166,5874,6998,8686,11531,14863,21687,28920,37728,50536,61464,70824,80028,84987,88578,91300,92277,"Normal"
"187",286,654,839,2534,3430,5324,9453,11483,14202,18093,21857,25236,30677,39156,48039,61119,81851,104315,122629,142145,155051,167259,172484,173686,"Meltdown"
"189",62,364,641,967,1518,2203,3456,5179,7147,9763,12606,15156,18119,22058,26838,31677,36155,41192,46088,49955,53878,56531,57103,57807,"Great"
"190",250,339,869,1166,1889,2613,4906,6077,10516,12411,15337,18501,22601,29766,37609,48694,59455,69695,80524,91217,102177,108755,113293,115701,"Normal"
"191",1088,1420,1756,3849,5201,6816,8577,11045,13654,15980,20243,24738,27920,34651,41708,50893,65406,77066,86748,96229,104796,109985,113490,115723,"Normal"
"192",302,348,638,1050,1838,4002,6222,10014,13688,16713,20747,25233,30782,36660,41665,50454,58425,66738,74686,82665,90288,95644,100185,101574,"Normal"
"193",1308,1937,2195,2529,3083,4179,5704,8604,10702,14912,17903,20962,25813,31625,39259,46543,58182,73076,91688,105911,121114,129278,134229,139011,"Bad"
"194",1319,1353,1868,2350,4526,6625,10017,13903,17745,22311,26187,30415,35213,40322,44919,50036,56628,61823,67427,72956,78305,81477,82466,83374,"Good"
"199",659,808,930,1546,2390,4397,7405,9524,12822,16495,19414,23308,27323,32622,36334,41326,48143,53322,59219,63968,68333,70493,71256,72137,"Good"
"200",294,296,566,1041,1726,2825,4816,7232,10093,13277,17305,23470,28854,36174,44391,54213,62404,70175,77379,84292,90726,94748,97759,99041,"Normal"
"203",334,444,652,1607,2477,5361,7494,9256,12504,15359,19669,24395,29375,36547,45558,54441,65145,82307,97544,114083,130160,142802,150437,155390,"Bad"
"204",1555,2463,3881,6715,9410,13796,20531,27294,34493,43720,52072,61066,71618,83636,97878,118058,136762,152767,172234,187347,201302,210788,215664,216867,"Meltdown"
"205",581,1351,2282,4084,6479,9739,16723,24830,34763,45197,55797,65454,74929,86979,97489,111588,125399,140434,153888,165083,174667,181172,185713,188144,"Meltdown"
"206",396,417,907,2191,4450,8290,13986,17169,22028,27599,34729,41475,47597,56784,68298,77111,89220,105408,118612,132567,145437,152916,157575,159846,"Bad"
"207",376,968,1795,2778,3970,6912,10782,13813,16840,21025,25335,30599,35444,42596,50953,60264,69072,78042,85091,93351,100662,104633,106835,108240,"Normal"
"208",193,202,452,1050,1964,3696,5920,9656,13298,18013,23059,27859,34807,44556,54600,65176,75362,86867,99681,112994,124209,132349,136401,139383,"Bad"
"209",1308,2027,2564,3530,4278,5825,8461,11419,14628,16880,20476,25106,30531,36062,41643,46542,53615,58416,64089,67940,72466,75313,76706,78154,"Good"
"211",512,1096,1353,2054,2963,5593,9418,16287,25979,34747,43710,53174,61353,70067,78823,87715,97879,104216,113835,120307,126693,133457,138164,140349,"Bad"
"212",968,2110,2437,3012,4306,7609,11424,15489,20415,23923,30719,36117,40795,47814,53924,60129,66751,73942,82706,89769,95652,99503,101227,101891,"Normal"
"214",712,960,1545,2847,4724,7200,10040,14160,18344,22893,28922,36977,46573,56310,72356,88443,105139,125404,145699,166108,184326,198208,205412,209133,"Meltdown"
"215",1282,2478,3408,5333,7831,10750,16396,21905,27350,34753,43985,55773,66177,80901,94189,110793,125410,138793,156470,169846,183584,192586,200431,203233,"Meltdown"
"216",1412,2179,3020,4317,5737,7608,10719,15107,19873,25101,32881,38389,43970,49725,54340,58632,64866,69482,74361,78319,81948,84887,86027,87281,"Good"
"217",446,467,819,1103,1920,3007,4401,6355,10952,13126,17719,20264,24010,28140,32632,38107,42030,46584,52089,56629,60208,64379,66096,66847,"Good"
"218",121,469,754,913,1874,3829,6359,10925,15522,21046,29782,36817,43260,50814,58723,65837,75879,86570,98323,109783,118594,126430,128878,130857,"Bad"
"219",846,1407,2038,2518,3695,6286,8998,11403,15090,17945,21774,25507,30532,38412,46764,58469,73482,87513,103321,117109,130703,138689,142315,143665,"Bad"
"224",14,132,781,1669,2522,5564,10233,14404,17037,22575,27699,34245,41866,51078,61038,73825,87387,103857,122261,137376,149345,159319,163546,167310,"Bad"
"225",767,845,1331,3415,5569,9223,18767,31150,44100,54897,68288,80367,92930,107091,124884,142302,162676,181248,202786,218115,236738,249468,257805,260318,"Meltdown"
"228",502,615,869,1576,2615,3848,9930,12094,15420,18265,22031,26344,31173,35842,42324,47251,54607,63054,70205,77031,84450,89834,92666,93685,"Normal"
"229",1466,1523,1700,2705,3552,5038,8573,12207,15334,20659,24628,30356,36414,44725,52477,61646,71734,81062,92599,103819,112379,118682,123172,124738,"Normal"
"230",2061,2489,2797,3359,3854,4698,6999,9511,11730,14932,19038,21473,25285,28602,33066,37933,47294,55435,65166,76190,88665,98156,104982,110335,"Normal"
"231",1333,1633,2530,3282,5453,9025,12864,16514,23013,26409,34637,40491,47494,55040,64331,75480,87371,101384,112357,121565,128982,133107,137559,138556,"Bad"
"232",535,972,1524,2631,4479,6972,10702,13864,18406,22374,28635,35127,41484,49353,58934,68364,76223,82937,91095,99170,106278,112679,116039,117671,"Normal"
"233",1074,1898,2435,3071,4083,6888,10209,12744,17776,20630,24480,28085,33976,39386,45162,52988,59431,68077,76685,86065,93075,99362,102223,103148,"Normal"
"234",64,173,433,1250,2066,2923,4826,6320,9917,11803,14050,16437,19576,21898,24860,28267,31656,34578,37544,41149,43737,45141,45643,46059,"Great"
"236",522,696,1205,1533,2086,2875,4386,5959,8595,11078,14137,16371,18551,21217,24208,26882,30238,33889,37320,39729,43335,45660,46564,47044,"Great"
"237",367,753,834,1231,2127,4849,6536,9982,12586,15280,18672,21492,24799,28165,32454,35109,39715,42252,44630,46107,47580,48860,51096,51730,"Great"
"239",96,107,129,259,732,1414,2904,4043,5451,6824,8378,10654,13231,15768,18606,22788,27098,31214,34399,36932,39464,40718,41638,41796,"Great"
"240",15,15,134,463,1210,2657,5457,11415,19456,25130,32087,38303,44523,50977,58638,65021,73312,81827,90214,95287,100063,103982,106574,107257,"Normal"
"241",446,1029,1104,1388,2333,3932,5784,7144,9614,12020,14184,16363,18438,21195,24629,28173,31884,35203,38261,42378,44928,47062,47398,47427,"Great"
"242",0,4,89,852,1137,2143,2997,4607,6421,8323,10422,12417,14846,17790,20902,24832,28790,33315,37086,41247,44164,46328,49768,49940,"Great"
"243",637,721,956,1249,2254,3796,5531,7664,10881,14686,18070,23864,27506,35489,43508,51761,62457,73743,85088,96803,105318,114634,118109,119487,"Normal"
"244",285,1396,1918,2511,3724,4891,8953,12970,17286,23994,32762,39136,45955,53669,61874,68269,75069,80095,84398,90559,93788,95101,96593,97611,"Normal"
"249",41,44,109,519,1463,2159,4345,6106,9325,11884,14761,18574,20819,24809,33244,40818,54870,69586,85703,103232,117459,125646,133165,136342,"Bad"
"250",1954,2004,2513,3260,4924,6243,9942,12924,17502,19602,23798,29182,32970,39733,45803,54957,67438,80604,96488,114416,135536,150737,163901,169866,"Bad"
"253",426,1507,1737,2665,3849,4915,7068,9268,13487,17283,21131,24887,30871,38095,44247,50929,56992,64008,70105,75512,79365,82645,84721,85319,"Good"
"254",241,425,578,1152,2184,3507,7155,9382,12310,14634,17848,19928,21790,25419,29008,33584,37909,42168,49721,53135,57057,58750,59814,60538,"Good"
"255",0,1,296,1187,2605,5001,8152,11665,14345,18322,22452,26121,30224,35291,41403,48119,55243,61766,66427,71567,74070,74890,75590,76103,"Good"
"256",79,116,799,1555,3244,4888,7697,10766,13897,17043,20055,22615,25734,28925,32061,36381,40705,45832,49805,54265,58356,61026,61979,62390,"Good"
"257",212,213,1006,2099,3820,5740,9361,11707,15516,18865,22845,27420,30224,36464,42718,51005,57603,65155,72390,80580,87117,91178,92707,94060,"Normal"
"258",1485,1597,2578,3480,5539,8177,12776,15058,19347,23237,27413,32312,36340,43164,47444,54565,58636,65873,69378,73480,75516,76656,76925,77580,"Good"
"259",0,5,1721,2627,8185,10389,18001,21194,27012,32844,40060,46701,53872,63614,69294,81035,88815,98370,106433,114682,120923,126161,128225,130573,"Bad"
"261",57,78,644,1143,2477,4424,6588,8704,12431,16099,20919,26280,33524,41523,49544,58023,64047,70121,75455,79999,82150,83827,84804,84807,"Good"
"262",4,109,506,1353,2737,3499,5069,6471,8918,12150,15001,17502,20275,24288,26809,30821,34956,38639,42147,44564,47602,48824,49581,49757,"Great"
"264",488,682,1028,1428,2171,4839,8923,12700,17848,23275,28584,34626,40577,48091,55609,64320,74867,84762,96095,105959,114250,121197,125614,128378,"Bad"
"265",151,1346,2202,3346,6152,8199,14200,18367,22509,26416,35411,40004,44499,48603,54493,59028,64125,69534,74229,77896,80334,83436,84675,84713,"Good"
"266",134,136,862,1147,1694,2454,7421,8887,11875,14108,17465,21201,23907,27594,30870,36063,41424,45338,49183,52703,55406,57902,59139,60013,"Good"
"267",22,98,141,742,1626,3295,5129,8019,9771,12452,15182,18696,21599,24782,29004,32773,36518,40801,44761,48628,50906,52122,53223,53886,"Great"
"268",112,468,540,982,1637,3532,5905,8507,11535,14708,18264,23029,27569,32510,37457,44110,51247,57983,67047,74535,80033,83608,85033,85596,"Good"
"269",756,854,966,1486,2592,6050,10260,14911,22515,30375,38770,47232,56034,65974,76438,86341,97933,112052,124967,136299,146455,151466,154488,154737,"Bad"
"274",174,262,370,1212,2128,2841,4522,6439,10349,13279,17571,20465,24001,27615,30184,33632,37426,40937,44116,46846,49771,52060,54742,55955,"Great"
"275",36,40,281,1024,2045,4167,7885,10556,12941,15316,17567,20124,22191,26386,29594,34451,39565,44123,47650,50770,53529,55583,56392,56993,"Great"
"278",240,466,1971,2352,3089,4515,6967,12385,16972,21407,25759,30424,35137,41128,45647,51578,56329,61322,66831,72091,78457,81533,84719,85547,"Good"
"279",847,1025,1163,1514,3262,5546,8397,11220,14965,18666,22521,24903,30137,33700,38014,41138,45460,48364,51111,55200,58081,59947,60719,61053,"Good"
"280",0,28,254,527,1367,2872,4982,8602,12284,16343,20576,25190,30448,35938,41771,49975,57774,66281,75086,83346,90434,95002,97930,99402,"Normal"
"281",744,917,1343,3008,4497,6058,11036,14862,19372,24278,27876,34729,40582,46842,54524,65222,80893,91237,104697,115062,123543,130570,134272,134917,"Bad"
"282",71,224,608,1969,3552,5935,7427,9835,13914,21232,32165,42448,59987,73811,90025,101084,111856,124059,134893,144542,154013,160571,165857,167613,"Bad"
"283",806,842,2202,3393,5099,7022,9829,13585,18178,25220,28761,33469,37706,43246,47586,52440,56852,61593,66203,69658,71939,74494,75532,75767,"Good"
"284",1,40,658,1521,5535,7742,14601,18754,26890,34394,43131,53699,63563,75878,86674,99543,111072,124115,133956,144858,155820,163151,165970,166964,"Bad"
"286",123,201,633,1178,1746,2652,4553,7475,11269,15332,22693,31431,42827,58694,70482,85217,99692,111861,126807,135249,143321,149735,152284,153868,"Bad"
"287",250,780,821,1081,1698,2573,7210,10371,13536,17309,20517,24970,31659,35934,40712,45644,51208,55713,60059,68280,75272,80790,84228,85638,"Good"
"289",513,921,1451,2033,2788,4526,8158,11817,14597,17237,22956,27149,31772,35963,41795,47728,51915,55813,60903,64061,67901,69356,70461,71158,"Good"
"290",257,422,448,707,2054,3054,5137,7659,9867,12693,16111,19291,22272,26418,29557,33840,38019,41790,45567,48862,52016,53404,54380,54425,"Great"
"291",334,352,635,964,2030,3075,6337,8506,11410,14532,17383,20690,23950,28629,32926,38651,43550,47923,52774,57119,60628,64224,65619,66382,"Good"
"292",1144,1337,1706,2226,2838,4231,6613,9129,11599,15330,19890,23218,27604,34032,38618,45499,51737,58669,63712,69458,74075,76455,78677,79092,"Good"
"293",1184,1189,1366,1723,2356,3182,5150,7084,10497,12478,14321,16992,19376,22471,24923,28744,32088,34562,36625,37855,39666,41166,41681,41799,"Great"
"294",54,451,553,686,1393,1947,3429,4511,6358,9145,11081,14014,17519,20728,23542,26981,31080,37045,42571,48107,51424,53028,53917,54422,"Great"
"299",0,84,553,1161,1928,3300,5758,8238,11583,14108,17401,20791,25497,30474,34637,41198,48301,54114,63100,68783,73954,77521,79128,79399,"Good"
"300",112,164,283,859,3526,4667,6277,8243,10506,13121,17075,20038,23169,26868,30367,33236,36340,37680,38947,41459,42711,43878,45382,45507,"Great"
"303",0,5,47,191,416,1399,3805,5094,5821,7853,9623,10795,12386,13737,14882,16433,18734,22213,26956,30530,32923,34016,34697,35273,"Great"
"304",32,38,124,240,580,1247,2724,4182,5957,8073,10261,13990,17978,21278,26372,33395,41623,50070,53853,58628,61396,62794,63858,63872,"Good"
"305",0,32,71,754,1303,2893,6370,9503,11336,13954,17135,20332,23572,26528,30041,33762,36304,39891,42885,45544,48279,49315,49856,50226,"Great"
"306",0,40,281,809,1687,2810,4436,6627,8906,10809,14071,17213,20285,24624,28711,33557,37798,41697,46428,51265,56794,60045,62713,63254,"Good"
"307",163,163,259,836,1117,1940,3246,5536,7083,9903,11970,14940,17148,19019,21109,23209,25652,27015,28850,30716,33514,35627,36383,36392,"Great"
"308",11,334,422,521,2491,3772,6120,6914,8681,10630,12786,14802,17518,20181,22914,26039,29406,32870,37718,41602,43558,44515,45149,45290,"Great"
"309",0,90,321,1055,1919,2910,4863,8447,11636,14790,19541,24152,28388,34581,39515,45729,50830,57670,66642,72651,78086,81444,83224,84376,"Good"
"311",0,0,127,667,1527,3059,5145,6945,8604,11553,13889,17289,21420,24593,27812,32021,35166,37789,40404,42369,43956,45055,45545,46216,"Great"
"312",192,225,324,440,974,1652,3068,4942,6605,9451,11380,14862,17225,23131,26799,32699,36078,39603,45523,50044,57428,61815,66638,68869,"Good"
"314",664,770,870,1224,1762,2371,5617,8620,12686,15441,17845,21763,24636,29568,32625,36016,38833,41295,43687,46864,49541,50600,51036,51050,"Great"
"315",34,87,114,437,1683,2350,4588,5537,6964,9066,10762,14615,17436,19666,22419,26259,29129,31381,35622,38502,41395,43609,44420,44900,"Great"
"316",1521,2229,2465,3015,3715,5242,7915,10658,14376,17595,22287,26617,32568,37855,43022,50156,57760,64112,72340,78468,84067,88566,89997,90754,"Normal"
"317",538,787,975,2169,3620,7421,11472,19021,23586,29166,34811,40638,45845,52886,57554,64261,69277,74069,79306,83247,86930,88339,89230,89974,"Normal"
"318",2,10,1069,1600,2576,4299,7325,10979,14230,17136,21458,25284,28549,32634,36930,41173,45210,50069,55274,58644,61289,62370,63506,63800,"Good"
"319",383,417,1586,3618,6036,9064,15032,22341,31184,39242,49907,60117,73503,88602,104167,119935,136439,149678,169158,183691,197307,206711,214347,217585,"Meltdown"
"324",0,62,293,875,1516,2584,4986,7469,9433,11523,14526,17166,20291,25661,30081,35904,42188,46837,50725,54032,57124,58411,59871,60176,"Good"
"325",55,166,268,968,1633,3553,5536,7533,9963,11518,16362,18467,21527,25171,28111,31864,35462,39347,43426,46322,48665,49861,50094,50377,"Great"
"328",0,18,131,159,812,2386,5086,6529,9728,11992,15345,17751,21075,24426,26870,29546,32558,34910,38486,40651,42703,44283,44932,45424,"Great"
"329",92,92,172,783,1735,4057,6284,11863,15582,19355,24891,28365,35039,41645,49351,57664,67452,74483,84242,90239,98078,101558,104588,105484,"Normal"
"330",550,780,1080,2805,6831,11206,18501,24164,32090,44648,55128,64920,75697,90231,112236,126578,142203,157092,178127,189274,202927,212288,217862,220897,"Meltdown"
"331",1991,2801,3107,4328,7638,9666,14203,19206,28712,34753,42949,53322,61713,67978,75457,83051,90276,96496,104351,110514,114809,119326,119816,120264,"Normal"
"332",199,215,524,975,1648,3032,5796,9383,12690,15421,18582,22167,26798,31731,35993,41038,45334,50926,55840,59830,63638,65151,65862,66043,"Good"
"333",155,204,278,682,1316,3268,5232,6604,9507,11259,13961,17840,21397,25742,30540,34678,39816,44652,49274,53398,56953,59745,61217,62145,"Good"
"334",347,725,1533,1789,2530,3321,6110,8429,9752,12821,14982,17428,19971,22988,25346,27616,30390,33391,36600,40710,46998,51281,53206,56345,"Great"
"336",216,253,1836,2346,3642,4771,8346,11008,14479,17873,23341,28983,35462,43922,51563,60454,70774,79462,89124,95234,101695,103648,104736,104918,"Normal"
"337",107,165,351,1610,2420,4291,7785,12785,15814,18791,23652,27561,31265,36004,39819,45570,48946,52260,55435,58742,60241,61003,61406,61565,"Good"
"339",138,138,207,679,1493,2781,5935,8335,10882,14783,18894,23375,28035,33789,37044,40832,44201,47266,49945,52674,54183,56024,56930,57202,"Great"
"340",112,268,959,1437,1979,3886,5822,8489,12340,15654,18836,22485,25869,31769,36077,41293,45796,50419,55463,60519,64670,68108,69490,71611,"Good"
"341",721,721,949,1332,2250,3384,7073,9218,11890,14796,17211,20577,25527,29236,33018,38149,42520,47386,52440,55955,59381,61463,62117,62934,"Good"
"342",0,61,74,469,721,1825,4055,7342,9504,11641,15146,18677,20993,24587,27315,32751,36234,40819,44593,47157,49166,50040,50454,50658,"Great"
"343",34,290,466,1522,6988,9678,18304,22286,29897,37572,44744,53449,59491,68130,74939,84255,90918,100344,105620,111473,115123,117266,118153,118421,"Normal"
"344",735,771,3279,4901,11726,16227,23605,30756,37644,44298,49169,54764,59527,65354,69461,74289,78087,81631,83847,86645,88530,89251,90466,90466,"Normal"
"349",8,88,99,548,1276,3718,6854,9197,12554,16748,19778,23438,26434,29420,31380,34545,37601,39181,40553,41856,42785,42976,43054,43072,"Great"
"350",0,17,29,501,2148,3294,5094,6634,9306,11579,14123,18235,22651,25995,30597,35139,39796,46617,51909,56727,60362,62275,62872,63646,"Good"
"353",30,73,350,960,1532,2789,4065,6848,9258,10921,13391,17390,21011,25162,27402,31387,34963,39761,42609,44999,48202,49932,51194,51631,"Great"
"354",66,198,479,849,1953,3864,5765,8423,11586,14810,19408,24503,29583,35722,41155,48647,54535,64705,74598,82666,89688,95105,97683,99917,"Normal"
"355",0,266,872,1997,3201,6933,11813,17259,24427,29478,38028,44864,52177,61295,69647,80136,88808,100210,109260,118162,125874,132945,135139,137032,"Bad"
"356",765,943,1154,1734,2426,3376,5145,7633,10288,13195,16520,22051,26458,29401,32854,38302,42410,46268,50349,54066,56889,59422,60627,61007,"Good"
"357",181,242,380,849,2480,3673,4922,7112,10104,12817,14968,18366,20517,23306,25903,29699,33664,36380,40341,42807,46055,47212,48677,49032,"Great"
"358",53,66,308,631,1230,2382,3702,5142,7617,8889,11117,12709,14008,15699,17902,19019,19960,20705,21563,22647,23185,23631,23932,24074,"Great"
"359",3,12,22,77,178,539,1115,1786,2586,3557,4511,6788,9442,12819,14648,16388,18278,19354,20241,21135,22284,22779,22945,23328,"Great"
"361",3297,6051,7713,9443,13334,18150,27811,35193,46660,55278,65660,74474,83771,94815,110087,122849,137329,152036,167779,181647,194598,204500,208752,211004,"Meltdown"
"362",1555,2602,3339,4563,7384,13638,20713,26701,34346,44047,54342,66566,79867,94741,107517,122431,138621,153628,168405,183772,194078,203333,209263,210865,"Meltdown"
"364",88,216,371,834,1598,2785,5761,8659,11806,14346,17476,21204,24684,29619,34698,41619,45725,51096,54774,58881,62105,65041,66189,66819,"Good"
"365",241,285,766,1339,2696,4378,8117,10636,14472,18081,22422,27599,33696,39961,47977,55181,61736,67026,71939,75583,80102,81950,82875,83548,"Good"
"366",0,89,144,222,513,2240,4507,7444,9735,11504,14376,20054,23766,28811,32574,38012,43281,49198,54634,60718,64928,69481,71221,72701,"Good"
"367",459,521,1040,1409,3386,5345,10636,15813,22532,27570,33662,40745,47403,55280,62248,71990,78918,87824,95415,102616,109662,113437,116381,116786,"Normal"
"368",0,40,267,866,2134,5949,9682,13767,19634,23153,27780,32879,37775,43074,48897,55138,60447,65129,70497,76078,80603,83728,85112,86200,"Good"
"369",213,294,620,1160,2753,4230,6249,8129,10781,12366,16830,19407,22313,26316,29429,33530,37029,41653,44844,48076,51673,53149,53826,54075,"Great"
"374",0,29,111,472,1025,1709,4697,5718,8063,9571,10850,13095,15765,19183,21363,24676,27644,30427,33681,36519,37861,39650,39967,40587,"Great"
"375",0,17,132,426,930,1931,3289,5337,7691,10315,13366,16718,20098,24400,27812,32424,36447,40476,45161,50054,53541,55856,56184,56337,"Great"
"378",0,0,69,1182,3780,7852,12682,18163,25436,33322,39258,46439,51896,57970,63735,69950,74771,81241,87569,92054,95580,99771,101468,104397,"Normal"
"379",433,853,1289,2269,3925,5531,8657,11578,15395,19666,24515,29475,33438,38139,42506,46132,50287,53676,58803,62943,66182,68668,70197,70717,"Good"
"380",245,260,407,705,2026,3989,5945,9017,13016,15737,18109,22317,23910,27424,30118,33198,35135,37516,39958,42588,45485,47012,47559,47570,"Great"
"381",6,6,121,498,2290,4168,7449,9399,11857,14190,16392,19169,22257,24466,26487,28717,32252,35012,38543,41029,42973,44910,45287,45629,"Great"
"382",0,27,173,550,1086,2329,4783,7616,10737,13071,16497,20637,24023,28874,32610,40254,46427,52102,58765,64615,69603,72176,73991,74735,"Good"
"383",263,313,381,924,1636,3347,7135,10313,15294,20923,25566,32208,36956,42084,47642,53630,59707,65812,72563,77710,82396,84965,86119,86357,"Good"
"384",138,212,531,1713,3937,6743,12187,17208,22121,27038,32194,38315,45180,50872,59434,64938,71427,77986,84850,91270,95590,99043,102283,103617,"Normal"
"386",192,820,1239,2740,4081,7016,10385,14559,18878,23011,27586,34838,40494,46286,52162,59566,68614,75386,82851,88564,94532,99138,100815,101598,"Normal"
"387",875,1172,1349,1959,2832,4715,6982,10860,14540,18650,24523,32348,39473,49301,57635,65345,73092,79709,88435,94071,100807,104989,108015,108753,"Normal"
"389",125,135,217,1374,2918,6122,10375,16409,21469,28248,35058,43021,51836,62457,72218,82460,93165,104140,115322,126923,135445,141279,142256,142883,"Bad"
"390",743,743,1164,2056,3547,6595,9852,15741,21690,28731,33276,39529,43361,48428,54110,60240,67403,75737,85777,93231,100028,104283,105948,106935,"Normal"
"391",0,29,286,1074,1851,3434,5840,11126,13304,15823,18218,20077,23654,27519,29925,33078,37201,40565,45435,48934,51129,53847,55604,55764,"Great"
"392",0,20,65,541,1191,2256,5716,8220,11649,13878,16329,19763,22721,26156,30803,34335,38352,42970,50422,55652,59379,61690,62515,62616,"Good"
"393",60,115,298,1565,4971,9850,14882,20330,26631,32095,38798,46773,56473,63651,73705,80485,88778,94582,103189,109232,115655,120038,121659,123050,"Normal"
"394",563,563,655,1793,3749,6158,9428,14546,18211,21301,25651,30211,34011,37292,42411,48774,54615,59966,65066,68815,72074,73099,73391,73639,"Good"
"399",0,39,58,162,1132,2367,3680,5129,6743,8497,10370,13672,16889,20064,23151,26923,30342,33545,36596,39372,41319,43321,44270,44601,"Great"
"400",178,193,421,936,1828,2734,4778,6703,8803,11750,13897,16259,18911,22420,27964,32134,37942,42570,46808,50855,54535,56842,57608,57781,"Great"
"403",138,152,230,504,2513,5165,9201,14285,19459,24382,28897,34943,41060,47800,54361,60860,68462,74564,82672,89456,96112,99594,101110,101172,"Normal"
"404",337,374,613,1170,3005,4201,6604,9442,12556,15817,20894,25142,30962,36255,42082,49400,55091,62020,69162,78927,83538,87565,90218,90423,"Normal"
"405",122,176,443,658,1239,2217,3417,4760,8058,9342,12058,14314,16973,19848,22721,25186,27802,30649,34569,35866,37688,38533,39141,39448,"Great"
"406",121,186,190,328,898,1477,3160,5489,8443,11257,14619,19585,23270,28987,35636,42247,49361,58510,66511,75532,83170,88063,91968,93406,"Normal"
"407",109,455,904,1906,3018,6460,10934,15903,21952,27605,32628,38969,44865,51507,58550,69377,79099,84702,94782,101961,108769,112436,114902,115512,"Normal"
"408",511,877,1639,3664,7103,11646,18750,24484,30317,36472,42424,48509,56323,61980,70678,77155,83883,92312,100075,107343,112700,115320,116805,117138,"Normal"
"409",72,101,640,3147,4609,6544,10105,13387,17304,19929,24151,28344,35047,42060,47713,54557,62461,69742,76415,82362,87872,90877,92621,93035,"Normal"
"411",414,1302,1573,1754,2297,3198,6007,9604,14357,17971,22792,27191,30846,34147,39435,44920,50256,56096,62029,67729,72710,76405,78051,79781,"Good"
"412",226,376,446,827,1258,2997,4308,7245,9975,12041,15586,19134,22690,25553,28611,34462,36715,39939,43174,45650,48524,50334,50976,51268,"Great"
"414",1894,1932,2371,3833,5819,9160,14070,22878,31171,38569,46019,60249,69410,76973,86286,95757,106998,116979,126961,137678,146260,152065,154293,154991,"Bad"
"415",192,814,1057,2065,3733,5810,8604,14418,21685,25794,34798,43031,52383,61080,69276,78271,90813,100523,112417,121759,129922,135121,137690,138707,"Bad"
"416",69,306,774,3202,6958,12022,19803,29320,39957,51026,63631,77131,91711,106744,121051,133262,146280,160137,172165,183384,192817,198978,201783,202332,"Meltdown"
"417",62,211,931,3018,7249,9912,14696,21440,26492,31568,38855,45807,50751,56386,61224,69446,74901,82272,88609,95432,100346,105032,107791,108775,"Normal"
"418",504,525,917,1487,2689,5679,8073,11471,16141,20563,26518,32777,37982,46279,51374,62586,69152,77706,86066,92918,100329,105005,107771,108673,"Normal"
"419",25,215,433,1007,2268,6180,11421,15133,20234,24827,30980,39157,45750,55380,62248,69359,76465,84496,90284,96118,100897,103508,105148,105795,"Normal"
"424",229,1460,1804,3275,5273,8260,11459,17780,29225,37639,45328,54454,60887,67950,77034,84931,91251,100919,106742,112595,118448,121060,122451,123151,"Normal"
"425",772,821,1165,3117,6157,8727,13597,18506,24160,30418,37300,44322,53603,60102,67183,75956,82560,90298,97901,106727,112594,115398,117477,118379,"Normal"
"428",406,749,1420,4516,6931,12041,18316,23886,31985,40029,44781,50132,55728,62901,67881,73548,81165,87124,94056,99336,102838,105389,106937,107268,"Normal"
"429",574,574,884,1514,3757,5401,8530,11366,15121,18527,22090,28211,32054,35638,40171,45187,48206,52808,56406,60044,62369,64434,65611,66759,"Good"
"430",381,428,522,1012,1778,2714,6487,8068,11337,13647,16934,20204,23724,28339,31430,36091,39699,44591,50857,54593,57463,59948,61058,61082,"Good"
"431",419,422,628,1039,1785,2790,4376,7335,11214,13511,17179,20148,23412,27929,32297,37397,40745,44852,48505,51297,54942,57467,58126,58219,"Great"
"432",5,89,182,612,1275,2772,5728,8645,12625,16914,21230,26397,30204,35557,40767,46870,52177,57077,63605,69379,76171,78353,79736,80847,"Good"
"433",394,1276,1606,2272,3589,6339,9156,14672,21340,29477,36415,46900,56802,67934,78537,89686,100466,109423,117819,126720,133949,142196,142196,145782,"Bad"
"434",1583,1875,1952,3055,4614,7084,11116,15321,22970,28326,33904,42847,51581,60650,69763,78013,90183,98559,108042,115733,119100,122750,129279,131017,"Bad"
"436",206,209,252,657,1076,2105,4433,8951,11975,16032,20109,24819,29563,33403,38551,42938,47487,52256,57827,60849,65838,68374,69829,70139,"Good"
"437",270,927,1282,2066,3952,6872,13097,19018,27583,38006,47976,55719,64146,74835,85787,97549,106940,116337,125559,135846,142990,149982,153105,154592,"Bad"
"439",746,1119,1258,1577,2521,4103,8471,11719,15004,19664,24590,29793,35365,42736,49676,57913,64287,72717,81650,90388,98726,107154,112767,114948,"Normal"
"440",1409,2468,2608,3608,4106,5327,9512,11947,15652,20476,23388,27029,29463,32439,35681,38158,41559,45335,49032,51915,54329,55488,56409,56988,"Great"
"441",0,61,225,722,2427,4298,6328,8918,11601,14181,16249,18836,22099,26426,29645,33892,36467,42583,46063,49737,54339,56858,58969,59261,"Good"
"442",1396,1807,1967,2416,3201,4392,6218,7746,10746,12681,16076,18509,21171,23164,26149,29276,32299,35890,38894,43355,44859,47755,49444,49823,"Great"
"443",0,95,162,357,1167,2418,4801,6633,8504,10491,14206,16502,18689,21834,24787,27100,29603,32198,35646,38198,39570,40280,40741,41391,"Great"
"444",1071,1324,1417,1764,2469,3347,5223,6906,9351,11777,15336,18723,21318,23863,26710,30772,32957,36854,39944,42800,46888,47894,48568,49801,"Great"
"449",477,1226,1979,3723,4780,6136,8624,11521,15588,19172,24754,28504,34245,38674,45683,51967,58015,64601,69132,73278,77740,80177,81468,82999,"Good"
"450",301,503,780,1187,2482,5389,7577,9361,12495,16069,19810,24669,27772,32148,36066,40324,43778,48091,51403,54035,56018,57383,57735,58027,"Great"
"453",0,21,57,249,872,1765,2920,4410,7026,8585,10570,13120,15984,19310,21906,25966,28645,31905,34664,37757,40762,43394,44846,45741,"Great"
"454",0,549,983,1274,1546,2489,3315,6284,7433,8644,10129,13847,15672,17795,19769,22049,24397,26434,29060,30944,33253,34804,35194,35404,"Great"
"455",205,205,337,658,1264,2800,4595,6153,8248,10491,12463,16588,19215,22857,26794,29948,34001,37126,41832,45755,48643,49804,52880,53290,"Great"
"456",66,145,1264,2385,3485,7893,15526,21037,27301,33832,40145,46942,52481,59402,64769,69658,73847,79502,83205,88427,92203,95302,96845,97091,"Normal"
"457",467,468,528,762,1223,2220,3590,5243,7678,11803,15500,18250,20941,24232,27073,30743,33507,37295,39701,41721,44300,45267,46044,46140,"Great"
"458",432,452,551,671,1127,2020,3337,4382,6066,7659,9092,10568,12358,15333,17028,19876,22612,27069,30216,33114,34607,35284,35771,35838,"Great"
"459",21,26,123,403,1060,2811,4746,7496,10225,13416,16704,19857,23728,28618,32721,37829,42760,47585,53246,57891,62012,63679,64313,64463,"Good"
"461",314,343,430,756,1014,2223,4527,5677,7835,11445,19049,24615,31459,37269,42378,48661,53260,60196,64126,68357,71109,72949,73752,73934,"Good"
"462",189,214,290,732,1189,2626,5008,9360,13487,18219,22488,27451,32572,38155,45628,53159,59752,68428,75698,86147,96097,104521,108499,109681,"Normal"
"464",503,787,1645,2103,3903,4792,8212,10160,12500,16098,20140,23247,26952,31136,37584,45314,55604,66528,75603,84371,88747,94406,95293,95929,"Normal"
"465",98,178,362,665,1533,2292,4568,6848,10036,12798,15851,18475,23422,27596,32712,37757,42362,47620,53248,56747,59752,61765,62442,62888,"Good"
"466",0,388,516,883,2738,5411,8839,10647,13884,17049,20556,24914,28296,31100,34113,37274,41290,43946,48386,51991,55094,59237,60983,61226,"Good"
"467",845,2008,2179,2458,3362,5741,11036,13838,17641,21929,29857,37053,47550,56635,70126,82512,94324,104418,116998,126874,135903,142015,145062,146044,"Bad"
"468",35,40,715,1648,3061,6754,11210,18338,28921,38470,50735,61985,77357,92347,113436,127512,145251,162062,177364,187540,197347,204169,208514,209908,"Meltdown"
"469",586,1047,1557,3071,5589,9416,20653,26500,38692,49960,61981,76169,90981,106120,124562,142878,160432,176296,191492,204941,218327,228169,232580,235569,"Meltdown"
"474",415,505,778,1477,2669,4610,8173,11060,17943,25382,33158,41971,51678,64570,80889,98530,113949,128365,141139,154207,166375,176948,181235,182792,"Meltdown"
"475",884,1135,1751,2762,5322,7530,10883,15526,20031,23869,26439,30658,33792,37110,42041,45209,49120,52280,54604,57075,59086,61357,61419,61788,"Good"
"478",21,46,95,420,993,2292,4518,6010,7020,8590,11544,13542,17063,19441,21808,24777,29266,33271,38579,41945,45492,49382,52339,53287,"Great"
"479",692,750,925,1577,2391,4162,7955,10627,12686,15371,17616,20987,24737,27876,31385,37127,43585,50035,55604,59732,63570,66121,66994,67078,"Good"
"480",28,830,901,1116,3202,4260,5856,8488,10643,12864,16322,18395,21905,24539,27251,31575,34292,37606,41409,44578,46415,48495,49499,50150,"Great"
"481",4,4,123,214,1109,2323,6368,8267,10772,13965,19159,24749,33297,43813,55625,69490,83932,100002,113497,125453,136002,142350,145377,146942,"Bad"
"482",327,682,1055,1861,2480,5373,7819,9571,12029,14150,17556,22082,28143,34434,41996,48123,56092,59169,64172,67429,70467,71870,72686,73213,"Good"
"483",410,430,595,1521,3121,5111,7468,9233,11751,14755,18857,21660,23988,27666,31574,36252,39804,43583,47564,49971,53653,55432,56404,56882,"Great"
"484",32,175,307,1526,2142,3408,5084,8394,12333,16746,22112,28900,36264,44426,49550,55269,61944,68325,74478,80210,84960,88816,90786,91229,"Normal"
"486",536,557,718,1340,3056,4800,8525,11486,14495,16641,20097,24405,27488,31750,34845,39980,44041,47635,54907,60412,65373,67829,69076,71839,"Good"
"487",1423,1581,1926,3532,6605,9845,16132,20735,29742,36620,44224,51313,59449,67208,76226,87459,101487,117015,133222,145446,156766,163478,166303,167452,"Bad"
"489",805,1271,1556,2334,3261,5020,7547,11102,14072,18736,23775,28280,32471,38033,44612,53179,63678,74615,85219,96595,107328,115282,119167,121084,"Normal"
"490",511,754,1763,2564,5000,6616,9732,12411,16907,22476,27595,34237,39373,46985,55836,66789,76458,88896,102842,115199,124283,130305,133754,134891,"Bad"
"491",1078,2059,2421,3414,6161,8737,12226,14670,19091,23499,27833,33673,38101,44222,49390,56388,62772,68558,73870,78594,82656,85048,86306,86461,"Good"
"492",672,716,912,1454,2132,3357,5858,7947,10706,13546,15868,17863,21352,24148,27077,31617,35441,40863,45015,49938,55340,58125,59609,60518,"Good"
"493",4,440,1475,2784,5398,9140,14535,21184,30739,38520,49874,67021,83108,95400,110029,121689,135056,148757,160709,172051,182840,189811,196353,199471,"Meltdown"
"494",1147,1765,2050,2925,5517,7637,11759,15886,20614,25240,30767,35437,40422,46163,51338,58548,65590,72486,81480,88494,95799,100074,102142,102914,"Normal"
"499",957,1324,1671,2261,3622,4513,6065,7791,10055,12500,15318,18495,21801,25315,29399,33190,35575,40536,43447,46934,50056,51659,53072,53472,"Great"
"500",30,545,592,755,1461,2302,4596,6077,7724,10204,12303,15659,18029,22222,25954,29876,34414,38125,41934,48133,51158,53725,54771,55103,"Great"
"503",186,247,611,1594,3598,5117,8428,11877,17220,21910,28824,34120,39662,45901,61660,78058,99926,116218,132804,149934,166836,178932,184417,190267,"Meltdown"
"504",1369,2572,3488,4296,6153,8967,18427,24462,31597,39899,44952,52248,59494,72200,83870,96460,111878,128849,139394,153621,163690,173156,177952,180234,"Meltdown"
"505",1195,1448,1901,3304,4623,6352,9727,12918,17491,21983,25767,30575,35885,40320,48066,55453,64491,72233,81449,89449,99075,104020,109883,112476,"Normal"
"506",3048,4476,4874,5830,9178,11531,18170,25822,35104,43481,54621,64142,73115,81929,89084,97196,106043,112654,118777,125019,130451,134792,136697,137422,"Bad"
"507",393,457,1178,1612,2612,3698,7099,9221,12389,15604,18872,22390,24964,28090,30560,34287,37870,40958,45390,49409,51957,55275,56995,57434,"Great"
"508",121,298,571,1214,2684,5908,9920,15065,21478,28234,38098,46722,55262,63309,76585,86391,97627,106038,113520,120068,126683,131353,133521,135222,"Bad"
"509",417,526,834,1644,3071,5311,8743,11959,14468,17598,21558,26957,33246,39987,46116,53915,62159,69294,77519,84746,90491,94888,97073,97831,"Normal"
"511",883,935,1341,1922,2104,2564,3087,3725,5211,6226,8152,9858,12453,14957,17424,20729,25006,27758,30761,33993,39050,41645,43667,44282,"Great"
"512",96,96,156,477,824,2194,3780,4897,6982,8400,10765,13823,17218,23337,30511,36514,46608,58953,71855,80099,88584,93784,95975,97097,"Normal"
"514",1434,1932,2363,3020,4180,6863,9199,13351,17972,22238,28952,35630,47005,58254,76633,95821,116899,134400,156366,170239,182098,190120,192121,194005,"Meltdown"
"515",648,1307,2872,3615,7979,12387,18550,22559,26908,31505,35376,39678,45578,51132,58613,65921,75430,87927,98757,112539,121087,129425,133619,134767,"Bad"
"516",1427,1582,2033,2851,5598,6465,8322,11513,14892,17938,22607,25887,31575,35723,40172,46154,51241,57093,63066,68378,72514,74650,76130,76750,"Good"
"517",689,696,1158,1389,1803,2683,3985,5615,8526,11948,13726,16753,20040,23942,28635,33825,40011,45494,54364,65811,78371,88936,97222,99543,"Normal"
"518",1629,2589,3873,5025,7573,10595,14390,18081,22648,28934,35685,41068,46796,53525,62622,71561,81253,92624,102961,112838,123830,130824,134661,136478,"Bad"
"519",1105,1411,1797,3495,4558,6274,10092,14124,16766,20176,22633,29212,32019,35465,39846,45862,51023,55926,61895,67659,72656,76817,78493,79850,"Good"
"524",448,613,1738,2105,3190,4091,5496,9396,11587,13571,16730,19717,22386,25954,31026,35255,41240,50723,58916,68550,77424,84846,88543,89883,"Normal"
"525",661,893,1559,4238,5706,8774,13497,16803,24413,33382,39397,46125,52583,64769,79421,93384,109460,124459,146892,164996,184036,198663,211803,216132,"Meltdown"
"528",490,1078,1565,2155,3136,4373,7269,11163,14023,18118,25370,31377,36523,43977,53563,62427,73520,81566,90702,97910,106221,110289,113553,114774,"Normal"
"529",1037,1555,1918,2685,4905,6208,8633,11843,16970,21887,27128,33327,41152,48615,55033,63829,71269,80437,91893,102237,109894,115722,118824,119589,"Normal"
"530",1000,1504,2037,3159,4995,6875,10003,12470,16350,19633,22787,25882,31040,36405,40014,45516,49057,55422,59793,64900,68509,71287,72595,74094,"Good"
"531",337,350,555,982,2201,4801,6867,9223,12434,14918,18434,22921,28836,35577,41732,48972,55874,62050,67218,72845,77172,81270,82912,84283,"Good"
"532",1177,1741,2036,3596,5896,10860,18477,26753,34808,40863,47468,54373,63134,72412,85771,97800,113667,128077,150577,167794,182539,191982,198548,203457,"Meltdown"
"533",1485,3476,4551,5613,12942,20262,25586,33704,38858,45943,53852,61540,68783,77252,86166,97213,107914,120711,132384,145215,156961,165752,171532,174668,"Meltdown"
"534",342,986,1399,3128,4499,8624,14676,18561,24556,31910,37183,44454,51396,59023,68787,79213,91508,101393,113511,123503,129995,136084,139837,141778,"Bad"
"536",396,422,1119,2297,5846,7841,12742,18673,24976,31304,38338,46290,53119,63543,77734,96265,112908,128615,144794,158272,169430,178366,183828,186434,"Meltdown"
"537",1867,4024,4806,6043,7658,10207,13514,18219,24062,29268,34321,40280,45514,54301,60413,67271,75942,84244,93381,100792,107031,110535,113807,116358,"Normal"
"539",239,293,688,1396,3094,5757,9644,14877,18562,23954,28003,35404,41844,51369,60442,72440,90082,100835,115090,131183,145348,153287,162052,165530,"Bad"
"540",1120,2024,2545,3906,6781,8817,14759,18877,26184,33078,39532,46387,52161,59087,65695,77512,89230,99049,112666,125521,136760,146086,149232,151363,"Bad"
"541",663,744,1520,2549,4371,5921,12181,17809,23072,29861,35314,40386,46100,51933,58307,65812,72223,79527,87016,92725,98617,101277,102541,103295,"Normal"
"542",796,1066,1378,1729,2175,3768,5453,8068,11180,13882,16876,19711,23967,27841,32422,37524,42993,47797,56024,63829,70564,76179,78262,79888,"Good"
"543",741,840,1478,1556,2240,5232,6504,8759,11335,14020,17400,22990,27765,33441,39938,47482,56565,65229,79448,91369,100924,108937,111692,112329,"Normal"
"544",414,642,1235,1702,3041,4483,7927,13219,17031,20832,26052,33830,42953,54033,64832,76438,87910,101566,120515,139112,150936,161661,167367,169107,"Bad"
"549",1713,1812,2094,2487,4900,7578,11686,16355,20595,25134,28657,33576,39976,45580,52521,62583,70413,76521,82513,86733,90319,92407,93677,94608,"Normal"
"550",95,631,875,1538,3041,4045,5042,6732,9338,10358,12780,16568,20962,27446,35760,42861,51049,62568,67607,72308,75577,77510,77853,77938,"Good"
"553",2570,4010,5135,7024,10130,14254,20295,27500,38150,45806,54046,59870,67725,76194,85933,95233,106271,118385,133454,145972,155628,161567,164836,166840,"Bad"
"554",1137,1648,3539,4515,6740,8470,12772,18371,23411,28669,37142,44737,52340,61202,68909,80388,95390,110242,122737,134488,143469,152110,155387,157158,"Bad"
"555",1632,2576,2916,3879,4938,6160,8881,12474,14662,17207,19984,22985,27250,33085,36704,41747,48467,53833,59230,65361,69507,72823,74814,75479,"Good"
"556",442,876,1358,1559,2081,2732,4393,6682,8858,12065,15119,17589,20741,24629,29859,34571,45281,52511,65914,76933,89249,95841,99835,101584,"Normal"
"557",414,627,1152,2248,4708,6126,10911,15232,22514,28155,37030,44946,55551,65838,78270,93630,111678,131483,154858,172044,186298,197694,204115,206219,"Meltdown"
"558",1655,1962,2879,4227,6244,9495,12161,16511,18876,23692,27271,30861,34682,37725,42553,49109,58114,67372,79352,89816,97243,101626,103875,105031,"Normal"
"559",183,184,1021,1676,3104,4762,7173,9295,13423,16887,21112,24090,27016,30635,35738,42532,50560,58047,64572,70860,75012,78928,81369,82503,"Good"
"561",1683,2555,3128,4347,6464,8859,11352,14031,17714,20718,25044,28224,31882,36279,42965,48937,55253,62663,68450,73971,78624,84082,86739,89425,"Normal"
"562",342,807,1028,1571,2220,2952,4734,9088,12320,15694,18446,22309,25738,30037,33476,39240,44999,51786,58427,65390,71723,76045,77695,78503,"Good"
"564",1260,1611,2284,3992,5480,7422,12280,18633,25422,35028,51347,67995,83750,102903,120501,137774,159238,174761,192293,209107,218026,228055,233421,235968,"Meltdown"
"565",1087,1684,2094,3242,5258,9058,12879,15690,19598,22867,26772,30235,34899,41399,47545,52798,62389,70205,77439,85660,91240,97345,103602,107260,"Normal"
"566",1299,1303,2008,3290,4072,6943,9540,12463,14949,18750,21107,24662,30747,35467,40372,47474,54931,66351,76261,85128,93170,97948,101162,102346,"Normal"
"567",346,994,1217,1780,4043,8136,12148,15711,19420,24189,30092,36221,42563,51182,60484,72534,85938,97445,111656,126034,137679,147321,151955,154509,"Bad"
"568",1979,2244,3068,4293,6157,8363,12916,17033,19989,26325,32954,39260,45774,53766,62641,72447,85886,95770,107947,118195,127233,134348,138409,140767,"Bad"
"569",407,1253,1885,2948,4171,6069,10695,13921,17707,23170,27877,34507,41148,51688,60841,71381,82355,94964,104721,115687,124858,129766,132648,133508,"Bad"
"574",18,183,231,538,908,1862,3367,4975,7515,10125,12695,16542,19507,22867,25367,29221,32010,36126,39574,43149,46657,50343,51620,52493,"Great"
"575",1240,1507,1779,2428,2927,4132,5643,6829,9681,13117,18576,26060,33121,43535,53719,67421,81932,93821,107004,116438,122691,128716,133335,134437,"Bad"
"578",345,1145,1882,2543,4647,8027,11945,15378,19189,23148,26903,31829,38188,43759,51781,62207,77208,92156,108538,126535,143527,156900,167371,174101,"Meltdown"
"579",2640,3109,4333,6368,9739,11685,16999,20998,27520,31772,38636,44872,51963,62224,74691,87246,98589,109853,122539,133224,140588,145222,148668,149840,"Bad"
"580",579,1114,1402,2044,2848,4065,6807,11007,15016,21948,26146,30222,35627,40671,46981,53150,58464,63482,70142,76755,81889,85785,87845,89811,"Normal"
"581",403,995,1272,1677,2002,3275,5720,8454,12340,14687,18780,22639,27125,33555,40278,49987,56642,66199,75311,82057,88948,93029,95649,97785,"Normal"
"582",2553,2610,2830,3508,4381,5307,8062,10186,13563,16850,20340,24758,29125,32280,38913,42562,49721,56346,63122,66694,71179,75016,77277,78126,"Good"
"583",260,442,647,1448,2355,3354,5024,8605,13416,15801,20034,24770,32163,40103,47850,58858,68081,78020,86206,93698,99956,103672,105257,106239,"Normal"
"584",359,467,932,1531,2691,5477,9432,13666,16845,21406,25859,32018,39644,48108,56894,71408,87956,103967,124428,140690,154682,163683,169675,172067,"Bad"
"586",873,1618,2056,3349,4446,6302,8931,10770,13726,18168,22134,26605,31201,36484,41696,48857,55972,63558,70338,76177,82058,86407,87509,88730,"Normal"
"587",0,68,281,906,3145,4594,8647,10349,12455,17027,19373,21680,23744,26751,29594,33926,37672,41145,44256,47452,49882,52626,53494,53994,"Great"
"589",225,325,625,885,2385,5040,7399,10546,13856,15865,19968,22733,28257,32542,38549,45469,52850,58618,65362,70433,74446,77033,78014,79201,"Good"
"590",1181,1194,1459,2267,3072,4353,6616,10751,13834,18075,23054,28258,33759,43105,51285,61969,72868,85065,99133,111505,123958,129183,134113,135034,"Bad"
"591",907,1162,1481,1896,3271,7425,12070,17405,25099,29738,36090,43538,49787,57941,66456,77792,88751,98701,108736,118964,125943,130864,133599,134327,"Bad"
"592",152,185,561,1811,3630,5490,9486,13859,18009,22968,28837,32920,38405,44737,55402,64714,75934,87391,102487,113199,126499,133707,137010,140399,"Bad"
"593",372,445,689,1305,1958,5094,7690,10171,12730,15126,18579,23192,26501,32864,38473,48688,54759,63420,71723,78759,84017,87878,88920,89932,"Normal"
"594",180,191,303,762,1203,2564,4295,6678,10318,13604,17925,25668,33549,40717,49033,57950,67028,74682,81524,88006,91829,94765,97195,98245,"Normal"
"599",875,1010,1573,3235,4901,6178,9684,14425,18014,22726,26331,30534,35170,40880,47891,60388,74206,87961,105332,121232,137147,149335,156410,159851,"Bad"
"600",1106,1914,2700,3723,5406,8542,11441,14517,18185,22598,25944,31160,36214,43729,50781,58895,71551,88534,101686,113365,122695,131461,134668,135602,"Bad"
"603",83,83,213,1496,2408,3433,7282,10219,15297,18848,23700,28877,33655,38918,43562,50524,57779,64889,73162,79265,84240,87251,88522,89062,"Normal"
"604",43,53,269,1249,4101,6264,11704,19129,32646,39061,48993,57361,65958,75019,81965,89188,96598,103236,109156,114893,118433,120342,122391,122618,"Normal"
"605",0,62,257,532,1032,1785,2952,4180,6441,7632,9229,11281,14203,17498,20015,23848,27846,32529,36892,39697,42905,44416,46441,46827,"Great"
"606",274,297,912,1312,1805,2282,4311,5543,7629,9990,12197,15993,17751,20773,23488,27358,31216,34218,37971,39926,43564,45765,47295,47643,"Great"
"607",137,258,536,957,1638,2840,4246,5264,7880,10363,12560,17235,21680,26639,34449,43760,59924,74342,90497,103567,114750,122485,127344,128409,"Bad"
"608",1228,1642,1997,2987,4133,7413,13370,18243,22096,24324,27870,34922,37560,40505,42945,45274,47619,49283,50769,52582,53710,54012,54519,54677,"Great"
"609",0,0,1,56,144,521,888,1510,2645,3444,5272,7798,9490,11641,13901,17418,20392,24420,26979,29823,32490,35105,36940,37773,"Great"
"611",1424,1424,1801,2420,5362,7864,14661,23442,32434,44240,52236,60396,69262,75237,80789,86485,91384,96632,101817,106110,109281,110571,112109,112256,"Normal"
"612",1165,1172,1335,2131,3496,5368,8684,10390,12115,14812,16911,19996,22940,26202,30499,34593,39375,46348,50761,54391,57288,59048,59570,60028,"Good"
"614",81,118,866,1758,3241,4506,6951,8819,11406,14645,17026,20231,23016,27720,31759,37378,41333,48886,53732,58020,60623,62871,64167,64182,"Good"
"615",400,581,1005,1551,2222,3025,4217,5041,6158,6953,7890,10011,11038,13187,15089,16732,19314,20337,21712,23613,25073,25857,26299,26537,"Great"
"616",53,58,150,674,1008,1980,2532,3258,5359,7054,9049,11240,13716,17040,20694,24395,28453,33719,37333,40758,44767,47361,49291,51076,"Great"
"617",486,887,1067,1391,2463,4112,5535,7131,10012,11532,14443,17351,21785,27929,33861,38286,44516,50512,56084,60218,63681,66586,68166,68372,"Good"
"618",102,169,849,1040,1606,2728,4396,6374,8550,10710,12921,15690,17316,20653,23362,26580,30342,33571,37579,41026,45246,46252,46905,47514,"Great"
"619",224,251,489,848,2196,4343,6508,7961,10537,13922,18177,21102,24230,30162,35024,40782,46990,53532,59689,65793,71686,74458,75854,76577,"Good"
"624",159,239,886,994,1722,2741,3898,5684,8110,10643,14535,17737,20177,23430,26964,29871,32819,35399,39416,42804,45550,48116,50670,51256,"Great"
"625",579,993,1554,1934,2650,4504,6074,8651,10907,12845,15431,18663,21168,23917,27473,30888,35035,38417,41594,45595,49288,50416,50952,50992,"Great"
"628",306,900,1183,2105,2898,4352,6647,9033,14025,17286,20666,24370,31447,38027,45497,55208,64561,76548,86201,95423,103241,107360,110023,112160,"Normal"
"629",328,337,544,1072,1670,3423,5377,6885,8942,10746,13457,15804,18533,21061,23885,27044,29059,30680,33390,34739,35642,36393,36720,36726,"Great"
"630",0,6,113,143,532,2229,3962,5624,6915,9624,12027,15301,17164,20897,24547,29006,32994,38082,44740,49397,53816,55447,56180,56850,"Great"
"631",0,208,303,519,1659,3101,7280,9567,12290,15020,18873,23913,27810,32315,38859,48793,59619,69979,81824,88530,97986,104978,108102,109813,"Normal"
"632",778,1162,1581,2432,3468,5144,8941,12031,15426,17913,22048,26041,29527,32740,36169,41177,46205,50210,53784,56567,59906,60790,61402,61788,"Good"
"633",0,13,141,426,1550,2342,4842,6964,9206,10634,12828,15756,17596,20512,23679,26866,29190,31661,35131,37284,39165,41297,42348,42578,"Great"
"634",249,304,516,727,1490,2364,4425,6817,10110,12394,16279,19224,22739,27209,32156,38000,43520,50023,55913,60216,64618,67308,68955,69184,"Good"
"636",169,647,1367,2298,4453,7467,13261,18728,28303,35372,40944,47484,53640,57212,64085,68281,72835,76611,79580,82170,85135,86957,87288,87617,"Good"
"637",0,70,1185,1395,1652,2522,4174,6626,8846,11326,14416,17205,22286,27639,33088,39446,44861,51369,59513,63747,68585,72166,73612,74057,"Good"
"639",120,138,493,817,2387,3001,4795,7305,10832,13459,16384,19698,21789,24229,27430,29998,33628,36090,39497,42577,44313,46100,46266,46598,"Great"
"640",0,12,181,980,1430,2313,4154,4980,6377,9777,11371,13719,15407,18901,21835,25685,29604,35143,40519,44897,47601,49477,50646,50826,"Great"
"641",32,78,233,486,1770,2343,3925,8852,12572,15591,18777,23298,26227,31003,34318,38459,45581,50292,55477,60815,65981,68559,69762,70206,"Good"
"642",91,99,174,478,1511,3220,5613,6964,9883,11912,15056,19296,23649,27515,32383,39295,44891,49116,53585,58053,61496,63779,65294,65495,"Good"
"643",0,15,257,544,753,1330,2698,4315,8452,9723,12439,15003,17840,20150,21837,24694,26900,29498,31187,32643,34002,34867,35240,35309,"Great"
"644",0,12,121,257,689,2215,3264,5007,7246,10170,13192,15475,16948,20390,23555,27398,33654,43716,52265,60199,68068,74832,80442,81786,"Good"
"649",1211,1785,3336,4356,5613,8935,12823,21126,32785,42588,52900,65610,75469,87022,97985,109968,123152,132363,143024,152500,159330,164766,168074,170734,"Bad"
"650",310,407,563,1166,1799,3070,6205,8225,12664,16197,18286,20699,23064,25669,29271,31927,36426,38312,40991,42950,44253,45953,46283,46330,"Great"
"653",967,976,1235,1433,2560,3585,6600,8666,10684,12716,15119,18365,22110,26975,31032,36360,40981,44670,49126,51636,54629,55916,57023,57235,"Great"
"654",0,24,136,466,1146,2905,5357,8312,10889,13636,16932,20962,27212,33059,38020,45010,50323,57008,61588,66958,71546,74384,76279,77136,"Good"
"655",68,87,670,1423,1985,2869,5126,7631,10179,13483,17524,21812,26154,31453,36321,42360,47252,53053,58593,62705,67721,69443,70857,71147,"Good"
"656",633,1175,1495,2574,3429,5629,7597,10587,12753,16402,19414,22291,25480,28823,32280,37619,43899,48762,53547,56529,59502,61083,61914,62469,"Good"
"657",112,163,308,482,1676,3619,4588,6343,7996,9891,12079,13505,15550,18677,20710,23461,25965,28239,31437,32504,33154,33645,34226,34513,"Great"
"658",1,7,175,355,1131,3421,5078,6497,10482,14199,18061,22201,27050,33136,39224,44782,51926,59305,65157,73086,82464,88660,91252,92850,"Normal"
"659",1587,2230,2642,3803,7264,10153,16809,23063,30419,38423,50086,59387,66094,74661,82587,90963,99824,106763,115478,121020,126312,128106,129867,130860,"Bad"
"661",0,42,303,594,1185,2302,5116,7386,9894,12166,14347,17546,19786,25954,29385,32792,35250,38306,42319,45226,46958,49174,50355,50673,"Great"
"662",116,169,327,537,1157,2031,4017,5625,8756,10817,14332,17273,23459,30635,38458,47995,58610,65688,81507,97516,112061,121975,128533,133714,"Bad"
"664",771,1017,1399,2286,2834,4536,6740,9230,12027,15147,17750,21322,23681,27366,31440,35901,38158,42449,44868,47073,48963,50402,50969,51320,"Great"
"665",0,294,732,907,1913,3339,5785,8480,12471,18560,23330,28644,32396,36729,40516,45605,50321,55228,60191,64726,68002,70029,71502,72465,"Good"
"666",398,406,615,1027,1833,2720,5871,10628,15574,19576,23971,28476,32609,37146,41605,47318,52684,57460,61012,64050,66270,67593,68092,68467,"Good"
"667",50,89,223,1092,1913,3734,6659,9185,12503,16620,20634,25346,30014,35180,40353,47263,54399,60817,67452,77039,85639,90243,94517,97512,"Normal"
"668",914,914,1164,2133,5011,7118,13150,19638,26365,34102,42292,49804,55476,64018,71137,80505,89197,96657,106379,114540,121221,125132,128089,129102,"Bad"
"669",284,379,840,1600,4190,8224,12037,17890,24420,30454,36783,44677,54515,65163,76983,91167,104654,115235,125264,130320,135000,138789,143662,146327,"Bad"
"674",484,530,792,1270,1525,2259,3318,4990,6848,8769,10407,12089,13974,16687,18934,23159,26333,30081,32581,35512,37689,39882,40653,40653,"Great"
"675",135,142,391,1366,2121,3542,5456,7202,9450,12611,14095,16629,18332,20816,22132,25914,27788,30647,32953,35652,38654,41026,42701,43646,"Great"
"678",0,908,1153,1584,2736,4051,6204,8826,11005,14269,15912,17228,18939,24421,26462,29598,31923,33530,35351,36829,37707,38229,38690,38966,"Great"
"679",6,60,112,1614,2080,3046,3583,7110,8643,10653,12668,14829,16644,19211,21215,25040,27479,29753,32577,34935,36921,38893,40361,40723,"Great"
"680",152,779,858,1593,3910,6033,10810,16593,23797,31405,39558,55055,67478,80207,93130,107637,122401,137696,154151,169759,183088,192843,196567,200445,"Meltdown"
"681",2560,2962,3573,5516,8067,12070,18073,23139,30509,38403,49287,57131,66650,74750,82596,90043,97232,103926,112737,118920,122893,126687,127795,129821,"Bad"
"682",243,285,577,1166,2216,4966,7790,12146,14907,17988,20790,24604,29247,33014,36075,41535,45188,49850,54195,58423,62962,64974,67529,68198,"Good"
"683",69,83,297,753,3028,4033,5937,7657,10603,12545,15376,18821,22377,26054,29437,34607,38716,43568,48709,51619,56046,57729,59218,59440,"Good"
"684",20,35,353,786,1443,3626,5688,7662,10222,13515,18889,22015,25251,28795,32477,36701,42013,48653,53324,55874,60777,62719,64603,65239,"Good"
"686",60,84,179,470,1015,2131,3729,5866,10379,13901,16753,21926,24955,29217,33129,37452,43575,47029,52508,56675,59588,61065,61769,62010,"Good"
"687",0,102,318,613,1284,2582,4358,9505,13008,18525,23873,27462,31588,36513,39703,44955,49844,56101,62181,68533,73104,75417,76637,77529,"Good"
"689",122,146,413,848,2872,3985,5412,7250,9038,10873,13448,15405,18460,21442,24434,29592,32639,37055,41000,44390,47826,48856,50041,50474,"Great"
"690",52,218,361,570,882,1373,2524,4149,5471,7245,10143,12514,14320,17937,20445,24459,28647,32829,37289,41986,46362,49019,49846,50034,"Great"
"691",58,127,269,583,1948,3404,6228,12211,14400,17859,20655,24643,26982,31051,35210,39423,43093,47025,51033,55613,58040,61410,63130,63196,"Good"
"692",213,281,1361,1885,2518,3633,6938,8789,10578,11896,14868,18211,20042,22528,24555,27078,31723,35773,40321,44221,48130,52328,53985,54546,"Great"
"693",286,566,798,1389,2289,3068,6630,8915,12474,15195,17556,19544,21995,25795,28886,31764,33957,37766,40229,43355,45266,46511,47161,47873,"Great"
"694",303,1300,1368,1578,1942,2847,4370,6055,9107,10828,14991,16350,19234,22572,24500,28238,31301,35063,39302,40937,43239,44969,46796,47190,"Great"
"699",52,64,134,603,1074,2897,6453,10085,13413,18439,23125,28151,34008,39687,43620,51319,56942,63080,70377,76763,81837,86994,88972,90800,"Normal"
"700",1059,1671,2069,2945,4929,8378,11384,17874,23167,29290,35097,41638,50259,58019,66684,79702,88535,103356,115951,131769,144007,155534,160430,162823,"Bad"
"703",62,286,306,669,1432,3630,4735,5994,7632,10622,12993,16096,18092,20631,22933,26262,30601,34017,36904,39730,41994,43604,44518,44784,"Great"
"704",380,439,520,644,1271,2065,3928,5994,9025,12146,15912,18964,21587,24853,27918,30366,33597,36979,38941,42164,44466,46918,47573,47911,"Great"
"705",228,265,455,864,1371,2320,4519,7522,10028,12148,15222,18103,21677,25575,29400,33825,37814,40587,45332,48675,51847,54152,56116,56171,"Great"
"706",428,535,574,846,1060,1677,3157,4856,7171,8318,9566,11651,13455,15673,16987,18678,20328,22558,23566,24936,26731,28318,28743,29440,"Great"
"707",0,17,28,230,602,1133,2631,4152,5713,10371,12386,14914,17594,19735,22341,25143,27935,31106,34290,37506,39122,41071,41668,41834,"Great"
"708",450,463,541,984,2160,3495,6159,10514,15617,22937,30054,36778,43939,51917,61799,71202,81558,91770,99819,107678,115728,120276,122163,123974,"Normal"
"709",753,754,923,1891,2779,5113,8217,11973,16289,19533,24822,31612,36029,41432,47996,53633,58654,65793,69200,72505,76153,77113,78567,79040,"Good"
"711",8,259,493,1002,1866,3624,6102,9562,11339,13520,16473,19213,21746,25250,29242,32571,35550,38677,43942,46519,49380,50634,51030,51241,"Great"
"712",267,277,382,670,3439,5331,9682,12712,17076,21828,29927,34123,40153,45494,51624,58496,65569,73709,80338,87763,95017,97494,98267,98700,"Normal"
"714",155,163,165,530,2710,3430,5705,9275,12895,14673,17483,19847,22322,25902,30375,35077,38883,43204,49164,52673,55619,57153,59760,60416,"Good"
"715",456,507,727,1289,2856,5522,11517,15732,19520,24600,29949,35750,42847,50211,58063,65722,74199,81181,88425,93763,98550,101059,102487,103090,"Normal"
"716",76,113,229,1217,6402,10851,15102,21545,25915,32266,39114,46679,54013,60380,66518,75388,83055,93764,100341,106919,110807,113980,116468,116717,"Normal"
"717",3,94,245,659,1993,4413,7120,10032,14342,18973,23867,28537,32145,38685,43875,51431,58297,65267,73129,79622,86874,92436,96173,98708,"Normal"
"718",1230,1811,2572,3532,5744,9056,12016,15190,18019,20869,24896,29483,36354,42718,46248,52413,57441,63396,69430,74485,78279,81894,84958,85537,"Good"
"719",540,630,1016,1581,2667,5175,10037,13562,18068,22289,26802,30988,35143,41155,46936,52460,57800,65477,71851,76386,82551,86912,89757,91882,"Normal"
"724",232,243,286,300,484,816,2627,5527,8641,10748,13195,14965,18844,20986,23810,26335,28867,30780,31852,32675,34085,35050,35678,36689,"Great"
"725",289,320,398,750,1837,3298,4966,6909,10323,15693,19253,22757,27487,31619,36241,42060,46407,51011,54943,59091,62600,64647,67191,67935,"Good"
"728",385,499,759,2315,3670,6355,14455,17268,22292,28083,33443,44363,49235,54191,60369,67053,73719,80667,87622,94040,98982,102921,104542,105204,"Normal"
"729",398,1859,2518,3721,5565,6629,12338,15641,19900,25228,29298,34694,40486,48203,56049,63426,73443,80966,90005,97976,104808,110374,116035,119243,"Normal"
"730",493,897,1194,2153,3860,5660,10108,15315,19842,25433,29506,35287,40250,45376,50709,56408,60952,65829,68805,71328,74358,75128,75820,76163,"Good"
"731",288,418,512,681,1045,1988,4071,5881,7875,10230,13870,17088,21156,24195,27294,30875,35160,39045,43941,47084,50197,52375,53499,54106,"Great"
"732",179,313,499,895,1388,2797,5274,6563,9775,11478,15279,17823,20232,25297,27927,33345,35947,41065,45025,48609,52377,55066,56681,57693,"Great"
"733",6,190,400,920,3590,5245,7269,10905,13688,18854,22631,28011,33297,38987,47243,53438,61408,66109,71438,76981,81036,84024,85867,87444,"Good"
"734",592,961,1226,2088,3377,4403,6827,11530,16186,19248,25630,32819,38503,46598,53914,62576,71641,79222,87111,93848,100190,102400,103800,104359,"Normal"
"736",1251,1626,1721,2070,2997,5223,8237,10438,12783,14330,17966,20844,24343,26829,29192,31737,34811,37689,40661,43234,46528,48105,48929,50292,"Great"
"737",846,1121,1627,1735,2093,2556,3423,5253,6772,9299,12119,15199,16823,19234,22092,25537,27524,30308,33058,35084,36076,36817,37454,37920,"Great"
"739",13,13,656,841,2812,3199,5191,7064,9150,10671,12711,15120,17966,20878,24257,27088,28783,31062,33309,34249,35934,37349,37740,37914,"Great"
"740",222,267,385,499,1394,2795,4819,6006,9207,12031,13963,17062,20836,24714,28980,33318,38869,45075,53105,64390,75213,82211,86523,92758,"Normal"
"741",2210,2759,3115,3748,4364,5551,8642,13278,19863,26433,32993,41547,51107,59454,65556,72179,79844,84311,89187,93117,96521,98553,99447,99832,"Normal"
"742",373,377,453,726,1107,2473,6012,8961,15404,19713,23978,28674,32395,37566,42709,48621,52859,58875,64500,68870,73997,76619,79116,79526,"Good"
"743",100,513,534,837,1648,4929,8532,12923,16931,23487,27522,33326,38643,44551,51003,56582,62311,67799,71363,76490,81537,83849,85109,86396,"Good"
"744",425,440,557,746,1784,3660,6242,9200,11082,14088,17195,21013,22945,26373,28367,31946,35075,36712,39854,41648,43223,45153,46351,46367,"Great"
"749",111,125,141,327,643,1807,3177,4979,6924,9192,11538,14508,18795,23507,26473,30409,34685,40458,43828,47760,52030,54438,56767,57690,"Great"
"750",244,244,341,794,2196,4742,6948,8838,12659,15789,18759,21846,26199,30682,34911,38579,42842,46956,51036,55014,60460,61776,62816,63586,"Good"
"753",90,127,215,577,1523,2809,5987,10370,13713,18045,22886,27631,31971,37540,42403,46987,53678,59225,65163,71099,74570,77337,78323,78878,"Good"
"754",50,119,252,363,1360,3678,5833,8494,11489,13699,16613,22503,25080,30088,34698,39269,44555,48965,54677,58641,62125,64807,65539,65698,"Good"
"755",586,625,794,1092,1673,4985,7386,8399,11500,13859,16242,18330,22169,25906,29860,33193,35691,39047,41366,42701,43890,44960,45066,46416,"Great"
"756",637,646,698,865,2060,4259,6945,11616,13113,16917,21555,23435,25302,28380,31327,34531,37225,39658,42617,45285,48098,49480,50723,50914,"Great"
"757",34,34,95,737,1266,3315,6221,9788,13182,21023,34317,44965,54152,64672,73406,82236,90066,98009,103657,107444,111068,113020,113881,114241,"Normal"
"758",559,596,676,1907,3382,4131,5444,8149,10138,13000,17982,20753,23777,27464,31341,36572,39816,42964,45207,46592,47229,48787,49000,49128,"Great"
"759",12,150,198,371,955,1506,3795,4875,6694,8731,11770,13654,14510,16210,19830,21725,24298,26648,28816,31156,33290,35140,35315,35705,"Great"
"761",7,22,226,1195,1779,2589,5024,7203,10478,12537,16914,20476,23758,27799,32250,36221,40355,45092,49693,52592,55225,57637,59349,60704,"Good"
"762",1151,1234,1529,3280,4577,5928,10792,14500,20073,23630,28264,31462,35034,38271,41058,44487,46712,50741,53403,54477,55996,56707,56784,56824,"Great"
"764",60,108,205,481,752,1433,3037,5671,9445,12257,14834,17914,19876,23461,25965,29474,31703,35438,37858,40300,42719,44664,44819,45183,"Great"
"765",501,513,895,1109,1651,3508,4820,8007,9644,10856,13224,15443,17212,19562,21543,23958,26867,30310,31191,31910,33083,33479,34183,34217,"Great"
"766",14,47,92,259,588,1303,2400,3394,6398,9827,13223,15843,18449,22009,24437,28800,32373,36555,41503,46340,50595,54656,55190,55722,"Great"
"767",163,206,500,1157,3163,5180,10714,15321,20657,26162,32044,42719,53944,67765,86074,104589,121846,140595,155744,170706,183183,193723,202975,208427,"Meltdown"
"768",1188,2141,2288,3698,7655,12490,18231,25757,35250,47000,59625,73258,84503,97170,110295,122163,135187,146689,158744,168454,174835,181672,184786,185965,"Meltdown"
"769",1570,1617,1848,2446,2973,4334,7488,10462,16940,18874,22264,26223,31680,36094,43074,49162,55702,61073,65689,67788,69634,70750,71233,71524,"Good"
"774",771,1058,1156,1803,2767,6705,11045,18460,31441,41145,54394,71978,89263,109392,130568,148359,168583,188301,202825,216924,228017,235802,239252,241073,"Meltdown"
"775",481,489,781,1403,3399,7661,11875,17691,21679,28296,33311,39578,44752,49802,53816,58939,63091,68178,71946,77531,81118,83122,85181,85902,"Good"
"778",166,166,203,379,2165,2640,5123,6339,8278,9593,14800,19836,22211,25064,27289,30851,32949,36913,41285,43982,46361,48320,49795,50057,"Great"
"779",674,755,843,1045,1467,4323,5993,8535,11890,14078,17156,20447,23301,27535,32778,36625,39694,44176,48698,52562,56418,57243,57904,58419,"Great"
"780",41,54,165,264,754,2085,3434,6841,9821,13146,14605,18132,19855,22767,24843,28371,30228,32938,36131,38522,39919,41098,41678,42233,"Great"
"781",332,343,364,638,1232,2367,3803,6102,9870,12768,15732,20069,23564,26454,29308,36288,39766,46805,51593,56092,60286,64356,65590,66419,"Good"
"782",366,397,543,2233,3584,5891,10337,14062,16812,20166,23807,27527,30822,34400,37515,41057,43562,47960,52411,56386,58989,61462,63032,63475,"Good"
"783",43,71,223,464,1147,2192,3827,7270,9725,10701,12181,14878,18541,20498,23919,26349,28902,30750,32966,35533,36805,37606,38061,38536,"Great"
"784",189,455,490,661,1335,2226,3246,4234,5709,8552,10269,14382,16828,19805,22567,25911,29388,32816,36898,40309,43006,44645,45486,45606,"Great"
"786",0,69,185,518,1982,2984,4488,8042,10621,11982,13772,15936,17842,20852,23564,27736,30792,36009,40464,43647,46439,48886,50133,50274,"Great"
"787",13,21,100,628,1390,3481,6687,12123,17286,24204,30266,37723,44039,52289,59734,66934,74505,84150,90775,97149,102621,105689,107888,109442,"Normal"
"789",316,338,415,888,1694,3859,5708,7219,9062,10107,12285,14913,16653,21795,25505,29372,33791,39229,43070,46935,49479,51230,52934,53427,"Great"
"790",141,966,1233,1925,2647,3734,4922,9619,11768,14145,18222,21364,23393,26305,28649,31149,33088,34961,37127,38969,38969,38969,38969,38969,"Great"
